<?xml version="1.0" encoding="UTF-8"?>
<metadata xml:lang="en"><Esri><CreaDate>20120207</CreaDate><CreaTime>13562200</CreaTime><ArcGISFormat>1.0</ArcGISFormat><SyncOnce>TRUE</SyncOnce><DataProperties><lineage><Process ToolSource="C:\Program Files\ArcGIS\Desktop10.0\ArcToolbox\Toolboxes\Data Management Tools.tbx\CreateRandomPoints" Date="20120207" Time="135622">CreateRandomPoints "S:\Teaching\5790 - Programming for GI Analysis Advanced\lecture2\Practical" BurglaryPoints "build polygon" "0 0 250 250" 1 "0 Meters" POINT 0</Process><Process ToolSource="C:\Program Files\ArcGIS\Desktop10.0\ArcToolbox\Toolboxes\Data Management Tools.tbx\DefineProjection" Date="20120207" Time="171502">DefineProjection "S:\Teaching\5790 - Programming for GI Analysis Advanced\data\buildings\burglaries.shp" PROJCS['British_National_Grid',GEOGCS['GCS_OSGB_1936',DATUM['D_OSGB_1936',SPHEROID['Airy_1830',6377563.396,299.3249646]],PRIMEM['Greenwich',0.0],UNIT['Degree',0.0174532925199433]],PROJECTION['Transverse_Mercator'],PARAMETER['False_Easting',400000.0],PARAMETER['False_Northing',-100000.0],PARAMETER['Central_Meridian',-2.0],PARAMETER['Scale_Factor',0.9996012717],PARAMETER['Latitude_Of_Origin',49.0],UNIT['Meter',1.0]]</Process></lineage><itemProps><itemLocation><linkage Sync="TRUE">file://\\HOME-LINUS\S$\Teaching\5790 - Programming for GI Analysis Advanced\data\buildings\BurglaryPoints</linkage><protocol Sync="TRUE">Local Area Network</protocol></itemLocation></itemProps><copyHistory><copy source="S:\Teaching\5790 - Programming for GI Analysis Advanced\lecture2\Practical\BurglaryPoints" dest="\\HOME-LINUS\S$\Teaching\5790 - Programming for GI Analysis Advanced\data\buildings\BurglaryPoints" date="20120207" time="17100000"></copy></copyHistory></DataProperties></Esri></metadata>
